{"phones": ["AP", "SP", "a", "ai", "an", "ang", "ao", "b", "c", "ch", "d", "e", "ei", "en", "eng", "er", "f", "g", "h", "i", "ia", "ian", "iang", "iao", "ie", "in", "ing", "iong", "iu", "j", "k", "l", "m", "n", "ng", "o", "ong", "ou", "p", "q", "r", "s", "sh", "t", "u", "ua", "uai", "uan", "uang", "ui", "un", "uo", "v", "van", "ve", "vn", "w", "x", "y", "z", "zh"], "version": "2.0.6", "architecture": "gmm-hmm", "train_date": "2022-09-02 07:22:29.205800", "training": {"audio_duration": 18811.901201814122, "num_speakers": 1, "num_utterances": 3756, "num_oovs": 0, "average_log_likelihood": -0.009582636723574746}, "dictionaries": {"names": ["my_dictionary"], "default": "my_dictionary", "silence_word": "<eps>", "use_g2p": false, "oov_word": "<unk>", "bracketed_word": "[bracketed]", "laughter_word": "[laughter]", "position_dependent_phones": true, "clitic_marker": "'"}, "features": {"type": "mfcc", "use_energy": false, "frame_shift": 10, "frame_length": 25, "snip_edges": true, "low_frequency": 20, "high_frequency": 7800, "sample_frequency": 16000, "allow_downsample": true, "allow_upsample": true, "uses_cmvn": true, "uses_deltas": true, "uses_voiced": false, "uses_splices": false, "uses_speaker_adaptation": true, "use_pitch": false, "min_f0": 50, "max_f0": 500, "delta_pitch": 0.005, "penalty_factor": 0.1}, "oov_phone": "spn", "optional_silence_phone": "sil", "phone_set_type": "UNKNOWN", "silence_probability": 0.4117000170058387, "initial_silence_probability": 0.41, "final_silence_correction": 1.0, "final_non_silence_correction": 1.01}